[{
    "dialCode": "376",
    "code": "AD",
    "name": "Andorra"
},
{
    "dialCode": "244",
    "code": "AO",
    "name": "Angola"
},
{
    "dialCode": "1264",
    "code": "AI",
    "name": "Anguilla"
},
{
    "dialCode": "1268",
    "code": "AG",
    "name": "Antigua &amp; Barbuda"
},
{
    "dialCode": "54",
    "code": "AR",
    "name": "Argentina"
},
{
    "dialCode": "374",
    "code": "AM",
    "name": "Armenia"
},
{
    "dialCode": "297",
    "code": "AW",
    "name": "Aruba"
},
{
    "dialCode": "61",
    "code": "AU",
    "name": "Australia"
},
{
    "dialCode": "43",
    "code": "AT",
    "name": "Austria"
},
{
    "dialCode": "994",
    "code": "AZ",
    "name": "Azerbaijan"
},
{
    "dialCode": "1242",
    "code": "BS",
    "name": "Bahamas"
},
{
    "dialCode": "973",
    "code": "BH",
    "name": "Bahrain"
},
{
    "dialCode": "880",
    "code": "BD",
    "name": "Bangladesh"
},
{
    "dialCode": "1246",
    "code": "BB",
    "name": "Barbados"
},
{
    "dialCode": "375",
    "code": "BY",
    "name": "Belarus"
},
{
    "dialCode": "32",
    "code": "BE",
    "name": "Belgium"
},
{
    "dialCode": "501",
    "code": "BZ",
    "name": "Belize"
},
{
    "dialCode": "229",
    "code": "BJ",
    "name": "Benin"
},
{
    "dialCode": "1441",
    "code": "BM",
    "name": "Bermuda"
},
{
    "dialCode": "975",
    "code": "BT",
    "name": "Bhutan"
},
{
    "dialCode": "591",
    "code": "BO",
    "name": "Bolivia"
},
{
    "dialCode": "387",
    "code": "BA",
    "name": "Bosnia Herzegovina"
},
{
    "dialCode": "267",
    "code": "BW",
    "name": "Botswana"
},
{
    "dialCode": "55",
    "code": "BR",
    "name": "Brazil"
},
{
    "dialCode": "673",
    "code": "BN",
    "name": "Brunei"
},
{
    "dialCode": "359",
    "code": "BG",
    "name": "Bulgaria"
},
{
    "dialCode": "226",
    "code": "BF",
    "name": "Burkina Faso"
},
{
    "dialCode": "257",
    "code": "BI",
    "name": "Burundi"
},
{
    "dialCode": "855",
    "code": "KH",
    "name": "Cambodia"
},
{
    "dialCode": "237",
    "code": "CM",
    "name": "Cameroon"
},
{
    "dialCode": "1",
    "code": "CA",
    "name": "Canada"
},
{
    "dialCode": "238",
    "code": "CV",
    "name": "Cape Verde Islands"
},
{
    "dialCode": "1345",
    "code": "KY",
    "name": "Cayman Islands"
},
{
    "dialCode": "236",
    "code": "CF",
    "name": "Central African Republic"
},
{
    "dialCode": "56",
    "code": "CL",
    "name": "Chile"
},
{
    "dialCode": "86",
    "code": "CN",
    "name": "China"
},
{
    "dialCode": "57",
    "code": "CO",
    "name": "Colombia"
},
{
    "dialCode": "269",
    "code": "KM",
    "name": "Comoros"
},
{
    "dialCode": "242",
    "code": "CG",
    "name": "Congo"
},
{
    "dialCode": "682",
    "code": "CK",
    "name": "Cook Islands"
},
{
    "dialCode": "506",
    "code": "CR",
    "name": "Costa Rica"
},
{
    "dialCode": "385",
    "code": "HR",
    "name": "Croatia"
},
{
    "dialCode": "53",
    "code": "CU",
    "name": "Cuba"
},
{
    "dialCode": "90392",
    "code": "CY",
    "name": "Cyprus North"
},
{
    "dialCode": "357",
    "code": "CY",
    "name": "Cyprus South"
},
{
    "dialCode": "42",
    "code": "CZ",
    "name": "Czech Republic"
},
{
    "dialCode": "45",
    "code": "DK",
    "name": "Denmark"
},
{
    "dialCode": "253",
    "code": "DJ",
    "name": "Djibouti"
},
{
    "dialCode": "1809",
    "code": "DM",
    "name": "Dominica"
},
{
    "dialCode": "1809",
    "code": "DO",
    "name": "Dominican Republic"
},
{
    "dialCode": "593",
    "code": "EC",
    "name": "Ecuador"
},
{
    "dialCode": "20",
    "code": "EG",
    "name": "Egypt"
},
{
    "dialCode": "503",
    "code": "SV",
    "name": "El Salvador"
},
{
    "dialCode": "240",
    "code": "GQ",
    "name": "Equatorial Guinea"
},
{
    "dialCode": "291",
    "code": "ER",
    "name": "Eritrea"
},
{
    "dialCode": "372",
    "code": "EE",
    "name": "Estonia"
},
{
    "dialCode": "251",
    "code": "ET",
    "name": "Ethiopia"
},
{
    "dialCode": "500",
    "code": "FK",
    "name": "Falkland Islands"
},
{
    "dialCode": "298",
    "code": "FO",
    "name": "Faroe Islands"
},
{
    "dialCode": "679",
    "code": "FJ",
    "name": "Fiji"
},
{
    "dialCode": "358",
    "code": "FI",
    "name": "Finland"
},
{
    "dialCode": "33",
    "code": "FR",
    "name": "France"
},
{
    "dialCode": "594",
    "code": "GF",
    "name": "French Guiana"
},
{
    "dialCode": "689",
    "code": "PF",
    "name": "French Polynesia"
},
{
    "dialCode": "241",
    "code": "GA",
    "name": "Gabon"
},
{
    "dialCode": "220",
    "code": "GM",
    "name": "Gambia"
},
{
    "dialCode": "7880",
    "code": "GE",
    "name": "Georgia"
},
{
    "dialCode": "49",
    "code": "DE",
    "name": "Germany"
},
{
    "dialCode": "233",
    "code": "GH",
    "name": "Ghana"
},
{
    "dialCode": "350",
    "code": "GI",
    "name": "Gibraltar"
},
{
    "dialCode": "30",
    "code": "GR",
    "name": "Greece"
},
{
    "dialCode": "299",
    "code": "GL",
    "name": "Greenland"
},
{
    "dialCode": "1473",
    "code": "GD",
    "name": "Grenada"
},
{
    "dialCode": "590",
    "code": "GP",
    "name": "Guadeloupe"
},
{
    "dialCode": "671",
    "code": "GU",
    "name": "Guam"
},
{
    "dialCode": "502",
    "code": "GT",
    "name": "Guatemala"
},
{
    "dialCode": "224",
    "code": "GN",
    "name": "Guinea"
},
{
    "dialCode": "245",
    "code": "GW",
    "name": "Guinea - Bissau"
},
{
    "dialCode": "592",
    "code": "GY",
    "name": "Guyana"
},
{
    "dialCode": "509",
    "code": "HT",
    "name": "Haiti"
},
{
    "dialCode": "504",
    "code": "HN",
    "name": "Honduras"
},
{
    "dialCode": "852",
    "code": "HK",
    "name": "Hong Kong"
},
{
    "dialCode": "36",
    "code": "HU",
    "name": "Hungary"
},
{
    "dialCode": "354",
    "code": "IS",
    "name": "Iceland"
},
{
    "dialCode": "91",
    "code": "IN",
    "name": "India"
},
{
    "dialCode": "62",
    "code": "ID",
    "name": "Indonesia"
},
{
    "dialCode": "98",
    "code": "IR",
    "name": "Iran"
},
{
    "dialCode": "964",
    "code": "IQ",
    "name": "Iraq"
},
{
    "dialCode": "353",
    "code": "IE",
    "name": "Ireland"
},
{
    "dialCode": "972",
    "code": "IL",
    "name": "Israel"
},
{
    "dialCode": "39",
    "code": "IT",
    "name": "Italy"
},
{
    "dialCode": "1876",
    "code": "JM",
    "name": "Jamaica"
},
{
    "dialCode": "81",
    "code": "JP",
    "name": "Japan"
},
{
    "dialCode": "962",
    "code": "JO",
    "name": "Jordan"
},
{
    "dialCode": "7",
    "code": "KZ",
    "name": "Kazakhstan"
},
{
    "dialCode": "254",
    "code": "KE",
    "name": "Kenya"
},
{
    "dialCode": "686",
    "code": "KI",
    "name": "Kiribati"
},
{
    "dialCode": "850",
    "code": "KP",
    "name": "Korea North"
},
{
    "dialCode": "82",
    "code": "KR",
    "name": "Korea South"
},
{
    "dialCode": "965",
    "code": "KW",
    "name": "Kuwait"
},
{
    "dialCode": "996",
    "code": "KG",
    "name": "Kyrgyzstan"
},
{
    "dialCode": "856",
    "code": "LA",
    "name": "Laos"
},
{
    "dialCode": "371",
    "code": "LV",
    "name": "Latvia"
},
{
    "dialCode": "961",
    "code": "LB",
    "name": "Lebanon"
},
{
    "dialCode": "266",
    "code": "LS",
    "name": "Lesotho"
},
{
    "dialCode": "231",
    "code": "LR",
    "name": "Liberia"
},
{
    "dialCode": "218",
    "code": "LY",
    "name": "Libya"
},
{
    "dialCode": "417",
    "code": "LI",
    "name": "Liechtenstein"
},
{
    "dialCode": "370",
    "code": "LT",
    "name": "Lithuania"
},
{
    "dialCode": "352",
    "code": "LU",
    "name": "Luxembourg"
},
{
    "dialCode": "853",
    "code": "MO",
    "name": "Macao"
},
{
    "dialCode": "389",
    "code": "MK",
    "name": "Macedonia"
},
{
    "dialCode": "261",
    "code": "MG",
    "name": "Madagascar"
},
{
    "dialCode": "265",
    "code": "MW",
    "name": "Malawi"
},
{
    "dialCode": "60",
    "code": "MY",
    "name": "Malaysia"
},
{
    "dialCode": "960",
    "code": "MV",
    "name": "Maldives"
},
{
    "dialCode": "223",
    "code": "ML",
    "name": "Mali"
},
{
    "dialCode": "356",
    "code": "MT",
    "name": "Malta"
},
{
    "dialCode": "692",
    "code": "MH",
    "name": "Marshall Islands"
},
{
    "dialCode": "596",
    "code": "MQ",
    "name": "Martinique"
},
{
    "dialCode": "222",
    "code": "MR",
    "name": "Mauritania"
},
{
    "dialCode": "269",
    "code": "YT",
    "name": "Mayotte"
},
{
    "dialCode": "52",
    "code": "MX",
    "name": "Mexico"
},
{
    "dialCode": "691",
    "code": "FM",
    "name": "Micronesia"
},
{
    "dialCode": "373",
    "code": "MD",
    "name": "Moldova"
},
{
    "dialCode": "377",
    "code": "MC",
    "name": "Monaco"
},
{
    "dialCode": "976",
    "code": "MN",
    "name": "Mongolia"
},
{
    "dialCode": "1664",
    "code": "MS",
    "name": "Montserrat"
},
{
    "dialCode": "212",
    "code": "MA",
    "name": "Morocco"
},
{
    "dialCode": "258",
    "code": "MZ",
    "name": "Mozambique"
},
{
    "dialCode": "95",
    "code": "MN",
    "name": "Myanmar"
},
{
    "dialCode": "264",
    "code": "NA",
    "name": "Namibia"
},
{
    "dialCode": "674",
    "code": "NR",
    "name": "Nauru"
},
{
    "dialCode": "977",
    "code": "NP",
    "name": "Nepal"
},
{
    "dialCode": "31",
    "code": "NL",
    "name": "Netherlands"
},
{
    "dialCode": "687",
    "code": "NC",
    "name": "New Caledonia"
},
{
    "dialCode": "64",
    "code": "NZ",
    "name": "New Zealand"
},
{
    "dialCode": "505",
    "code": "NI",
    "name": "Nicaragua"
},
{
    "dialCode": "227",
    "code": "NE",
    "name": "Niger"
},
{
    "dialCode": "234",
    "code": "NG",
    "name": "Nigeria"
},
{
    "dialCode": "683",
    "code": "NU",
    "name": "Niue"
},
{
    "dialCode": "672",
    "code": "NF",
    "name": "Norfolk Islands"
},
{
    "dialCode": "670",
    "code": "NP",
    "name": "Northern Marianas"
},
{
    "dialCode": "47",
    "code": "NO",
    "name": "Norway"
},
{
    "dialCode": "968",
    "code": "OM",
    "name": "Oman"
},
{
    "dialCode": "680",
    "code": "PW",
    "name": "Palau"
},
{
    "dialCode": "507",
    "code": "PA",
    "name": "Panama"
},
{
    "dialCode": "675",
    "code": "PG",
    "name": "Papua New Guinea"
},
{
    "dialCode": "595",
    "code": "PY",
    "name": "Paraguay"
},
{
    "dialCode": "595",
    "code": "PK",
    "name": "Pakistan"
},
{
    "dialCode": "51",
    "code": "PE",
    "name": "Peru"
},
{
    "dialCode": "63",
    "code": "PH",
    "name": "Philippines"
},
{
    "dialCode": "48",
    "code": "PL",
    "name": "Poland"
},
{
    "dialCode": "351",
    "code": "PT",
    "name": "Portugal"
},
{
    "dialCode": "1787",
    "code": "PR",
    "name": "Puerto Rico"
},
{
    "dialCode": "974",
    "code": "QA",
    "name": "Qatar"
},
{
    "dialCode": "262",
    "code": "RE",
    "name": "Reunion"
},
{
    "dialCode": "40",
    "code": "RO",
    "name": "Romania"
},
{
    "dialCode": "7",
    "code": "RU",
    "name": "Russia"
},
{
    "dialCode": "250",
    "code": "RW",
    "name": "Rwanda"
},
{
    "dialCode": "378",
    "code": "SM",
    "name": "San Marino"
},
{
    "dialCode": "239",
    "code": "ST",
    "name": "Sao Tome &amp; Principe"
},
{
    "dialCode": "966",
    "code": "SA",
    "name": "Saudi Arabia"
},
{
    "dialCode": "221",
    "code": "SN",
    "name": "Senegal"
},
{
    "dialCode": "381",
    "code": "CS",
    "name": "Serbia"
},
{
    "dialCode": "248",
    "code": "SC",
    "name": "Seychelles"
},
{
    "dialCode": "232",
    "code": "SL",
    "name": "Sierra Leone"
},
{
    "dialCode": "65",
    "code": "SG",
    "name": "Singapore"
},
{
    "dialCode": "421",
    "code": "SK",
    "name": "Slovak Republic"
},
{
    "dialCode": "386",
    "code": "SI",
    "name": "Slovenia"
},
{
    "dialCode": "677",
    "code": "SB",
    "name": "Solomon Islands"
},
{
    "dialCode": "252",
    "code": "SO",
    "name": "Somalia"
},
{
    "dialCode": "27",
    "code": "ZA",
    "name": "South Africa"
},
{
    "dialCode": "34",
    "code": "ES",
    "name": "Spain"
},
{
    "dialCode": "94",
    "code": "LK",
    "name": "Sri Lanka"
},
{
    "dialCode": "290",
    "code": "SH",
    "name": "St. Helena"
},
{
    "dialCode": "1869",
    "code": "KN",
    "name": "St. Kitts"
},
{
    "dialCode": "1758",
    "code": "SC",
    "name": "St. Lucia"
},
{
    "dialCode": "249",
    "code": "SD",
    "name": "Sudan"
},
{
    "dialCode": "597",
    "code": "SR",
    "name": "Suriname"
},
{
    "dialCode": "268",
    "code": "SZ",
    "name": "Swaziland"
},
{
    "dialCode": "46",
    "code": "SE",
    "name": "Sweden"
},
{
    "dialCode": "41",
    "code": "CH",
    "name": "Switzerland"
},
{
    "dialCode": "963",
    "code": "SI",
    "name": "Syria"
},
{
    "dialCode": "886",
    "code": "TW",
    "name": "Taiwan"
},
{
    "dialCode": "7",
    "code": "TJ",
    "name": "Tajikstan"
},
{
    "dialCode": "66",
    "code": "TH",
    "name": "Thailand"
},
{
    "dialCode": "228",
    "code": "TG",
    "name": "Togo"
},
{
    "dialCode": "676",
    "code": "TO",
    "name": "Tonga"
},
{
    "dialCode": "1868",
    "code": "TT",
    "name": "Trinidad &amp; Tobago"
},
{
    "dialCode": "216",
    "code": "TN",
    "name": "Tunisia"
},
{
    "dialCode": "90",
    "code": "TR",
    "name": "Turkey"
},
{
    "dialCode": "7",
    "code": "TM",
    "name": "Turkmenistan"
},
{
    "dialCode": "993",
    "code": "TM",
    "name": "Turkmenistan"
},
{
    "dialCode": "1649",
    "code": "TC",
    "name": "Turks &amp; Caicos Islands"
},
{
    "dialCode": "688",
    "code": "TV",
    "name": "Tuvalu"
},
{
    "dialCode": "256",
    "code": "UG",
    "name": "Uganda"
},
{
    "dialCode": "380",
    "code": "UA",
    "name": "Ukraine"
},
{
    "dialCode": "1",
    "code": "US",
    "name": "USA"
},
{
    "dialCode": "44",
    "code": "GB",
    "name": "United Kingdom"
},
{
    "dialCode": "971",
    "code": "AE",
    "name": "United Arab Emirates"
},
{
    "dialCode": "598",
    "code": "UY",
    "name": "Uruguay"
},
{
    "dialCode": "7",
    "code": "UZ",
    "name": "Uzbekistan"
},
{
    "dialCode": "678",
    "code": "VU",
    "name": "Vanuatu"
},
{
    "dialCode": "379",
    "code": "VA",
    "name": "Vatican City"
},
{
    "dialCode": "58",
    "code": "VE",
    "name": "Venezuela"
},
{
    "dialCode": "84",
    "code": "VN",
    "name": "Vietnam"
},
{
    "dialCode": "84",
    "code": "VG",
    "name": "Virgin Islands - British"
},
{
    "dialCode": "84",
    "code": "VI",
    "name": "Virgin Islands - US"
},
{
    "dialCode": "681",
    "code": "WF",
    "name": "Wallis &amp; Futuna"
},
{
    "dialCode": "969",
    "code": "YE",
    "name": "Yemen (North)"
},
{
    "dialCode": "967",
    "code": "YE",
    "name": "Yemen (South)"
},
{
    "dialCode": "260",
    "code": "ZM",
    "name": "Zambia"
},
{
    "dialCode": "263",
    "code": "ZW",
    "name": "Zimbabwe"
}
]