{
    "pl": {
        "Highlights": "Przegl\u0105d najwa\u017cniejszych wydarze\u0144",
        "Categorization Icon": "Ikona kategoryzacji",
        "Categorization of platforms": "Kategoryzacja platform",
        "Platform Type Icon": "Ikona typu platformy",
        "Platform Type": "Typ platformy",
        "Platform Cost Icon": "Ikona koszt\u00f3w platformy",
        "Platform Cost": "Koszt platformy",
        "Fee Policy Icon": "Ikona polisy op\u0142aty",
        "Fee Policy": "Polityka op\u0142aty",
        "Deposit Options Icon": "Ikona opcji depozyt\u00f3w",
        "Deposit options": "Opcje depozyt\u00f3w",
        "Countries Icon": "Ikona kraj\u00f3w",
        "Countries": "Kraje",
        "Online investment platform": "Online platforma inwestycyjna",
        "Investing in cryptocurrency": "Inwestowanie w kryptowalut\u0119",
        "It's free": "To jest bezp\u0142atne",
        "No charge": "Brak op\u0142at",
        "Credit cards, payment systems, cryptocurrency, debit cards": "Karty kredytowe, systemy p\u0142atno\u015bci, kryptowaluta, karty debetowe",
        "Available in Selected Countries": "Dost\u0119pne w wybranych krajach",
        "Top Reviews": "Najlepsze recenzje",
        "Home": "Dom",
        "About": "O",
        "Contact": "Kontakt",
        "Login": "Login",
        "Important Risk Note:": "Wa\u017cna uwaga:",
        "As with any form of investing, there\u2019s an inherent level of risk that comes with trading in the cryptocurrency market. There are no guarantees when it comes to wins and losses, but it should be expected that your portfolio could go one way or the other at any time.": "Podobnie jak w przypadku ka\u017cdej formy inwestowania, istnieje nieod\u0142\u0105czny poziom ryzyka zwi\u0105zanego z handlem na rynku kryptowalut. Nie ma gwarancji, je\u015bli chodzi o wygrane i straty, ale nale\u017cy si\u0119 spodziewa\u0107, \u017ce twoje portfolio mo\u017ce p\u00f3j\u015b\u0107 w jedn\u0105 lub drug\u0105 stron\u0119 w dowolnym momencie.",
        "The cryptocurrency industry is known to be extremely volatile, so it\u2019s important that you proceed with caution as you start placing trades. About 70% of all investors experience one or more losses in their trading career.": "Bran\u017ca kryptowalut jest znana jako niezwykle niestabilna, dlatego wa\u017cne jest, aby zachowa\u0107 ostro\u017cno\u015b\u0107, gdy zaczniesz umieszcza\u0107 transakcje. Oko\u0142o 70% wszystkich inwestor\u00f3w do\u015bwiadcza jednej lub wi\u0119cej strat w swojej karierze handlowej.",
        "Before moving forward, make sure to review our Terms and Conditions documentation, as well as our privacy policy. The dissemination of marketing materials pertaining to CFDs is prohibited by the FCA, and this is primarily geared toward UK residents.": "Przed przej\u015bciem do przodu nale\u017cy przejrze\u0107 nasz\u0105 dokumentacj\u0119 warunk\u00f3w, a tak\u017ce nasz\u0105 polityk\u0119 prywatno\u015bci. Rozpowszechnianie materia\u0142\u00f3w marketingowych dotycz\u0105cych CFD jest zabronione przez FCA i jest to g\u0142\u00f3wnie ukierunkowane na mieszka\u0144c\u00f3w Wielkiej Brytanii.",
        "By signing up, you\u2019re also consenting to sharing personal information with necessary third parties. This aligns with our Terms and Conditions and Privacy Policy.": "Rejestruj\u0105c si\u0119, wyra\u017casz r\u00f3wnie\u017c zgod\u0119 na udost\u0119pnianie danych osobowych niezb\u0119dnym stronom trzecim. Jest to zgodne z naszymi warunkami i polityk\u0105 prywatno\u015bci.",
        "\u00a9 2025 All Rights Reserved": "\u00a9 2025 Wszelkie prawa zastrze\u017cone",
        "Terms": "Warunki",
        "Privacy Policy": "Polityka prywatno\u015bci"
    },
    "en": {
        "This platform is your reliable partner in profitable cryptocurrency investments! Start investing right now to build your passive income and gain financial independence. Don\u2019t miss your chance to change your life forever and make your money work!": "This platform is your reliable partner in profitable cryptocurrency investments! Start investing right now to build your passive income and gain financial independence. Don\u2019t miss your chance to change your life forever and make your money work!",
        "First Name": "First Name",
        "Last Name": "Last Name",
        "Phone number": "Phone number",
        "Select Country": "Select Country",
        "Your Phone Number": "Your Phone Number",
        "Email": "Email",
        "REGISTER NOW": "REGISTER NOW",
        "How does this Platform Work?": "How does this Platform Work?",
        "First of all, this platform offers its users a unique opportunity to invest in cryptocurrency and receive exclusive offers profitably. This will give you the most positive results and allow you to get a large capital.": "First of all, this platform offers its users a unique opportunity to invest in cryptocurrency and receive exclusive offers profitably. This will give you the most positive results and allow you to get a large capital.",
        "The key feature of this platform presence of a unique investment strategy that is used on this platform. Thanks to it, you can watch the analysis of many emerging companies in real-time. It remains only to choose a suitable option and invest large sums of money for profit.": "The key feature of this platform presence of a unique investment strategy that is used on this platform. Thanks to it, you can watch the analysis of many emerging companies in real-time. It remains only to choose a suitable option and invest large sums of money for profit.",
        "Among the key features of this platform is the presence of unique tools for analyzing and diversifying capital. Thanks to this, even a beginner without much experience can make the right decisions that will be justified in terms of investment.": "Among the key features of this platform is the presence of unique tools for analyzing and diversifying capital. Thanks to this, even a beginner without much experience can make the right decisions that will be justified in terms of investment.",
        "That is why we can recommend you register on this platform right now to start your journey as an investor. This is your opportunity to forget financial limitations and start building your passive, stable investment earnings.": "That is why we can recommend you register on this platform right now to start your journey as an investor. This is your opportunity to forget financial limitations and start building your passive, stable investment earnings.",
        "Register Now": "Register Now",
        "This Platform that Will Change the Life of Every Investor": "This Platform that Will Change the Life of Every Investor",
        "With this wide range of available features, you can start taking advantage of this platform's unique tools and available charts. This will allow you to maximize the efficiency of your investments and choose only those companies that deserve your attention.": "With this wide range of available features, you can start taking advantage of this platform's unique tools and available charts. This will allow you to maximize the efficiency of your investments and choose only those companies that deserve your attention.",
        "Proceed to registration and find the best investment options for you in this extensive catalog of unique startups.": "Proceed to registration and find the best investment options for you in this extensive catalog of unique startups.",
        "Sign Up Now to Earn Money": "Sign Up Now to Earn Money",
        "Create an Account Quickly": "Create an Account Quickly",
        "Step 1:": "Step 1:",
        "First, go to the official platform website and open the registration form on the button below.": "First, go to the official platform website and open the registration form on the button below.",
        "Step 2:": "Step 2:",
        "Start filling out the form with your real data. Enter your personal information, email, phone number, and other important details.": "Start filling out the form with your real data. Enter your personal information, email, phone number, and other important details.",
        "Step 3:": "Step 3:",
        "After completing the registration, confirm your identity and start investing.": "After completing the registration, confirm your identity and start investing.",
        "Start Investing Profitably": "Start Investing Profitably",
        "Step 4:": "Step 4:",
        "Go to the general catalog of investment plans and choose the cryptocurrency that suits you.": "Go to the general catalog of investment plans and choose the cryptocurrency that suits you.",
        "Step 5:": "Step 5:",
        "Carefully read the terms and features of each plan to choose the right option that meets your requirements and budget.": "Carefully read the terms and features of each plan to choose the right option that meets your requirements and budget.",
        "Step 6:": "Step 6:",
        "Sign the contract and start investing. In your account, you will be able to track the status of your investments in real time.": "Sign the contract and start investing. In your account, you will be able to track the status of your investments in real time.",
        "What You Need to Know About this Platform": "What You Need to Know About this Platform",
        "A PLATFORM WITH EXCLUSIVE OFFERS": "A PLATFORM WITH EXCLUSIVE OFFERS",
        "First, the site has many unique offers, allowing you to earn as much as possible with minimal investment. The most profitable and unique strategies. This will allow you to maximize your funds.": "First, the site has many unique offers, allowing you to earn as much as possible with minimal investment. The most profitable and unique strategies. This will allow you to maximize your funds.",
        "Benefit Icon": "Benefit Icon",
        "MAXIMUM BENEFIT FROM EACH INVESTED DOLLAR": "MAXIMUM BENEFIT FROM EACH INVESTED DOLLAR",
        "A great advantage of this is the ability to choose short-term and long-term options for investment plans. Thanks to this, you can decide on the most suitable option for you and start investing at a high rate of speed. It will also allow you to maximize the efficiency of different investment strategies.": "A great advantage of this is the ability to choose short-term and long-term options for investment plans. Thanks to this, you can decide on the most suitable option for you and start investing at a high rate of speed. It will also allow you to maximize the efficiency of different investment strategies.",
        "Personal Cabinet Icon": "Personal Cabinet Icon",
        "SIMPLE AND CLEAR PERSONAL CABINET": "SIMPLE AND CLEAR PERSONAL CABINET",
        "It will be easy for beginners to understand the this service because this platform is created specifically for investors. It will allow you to choose suitable investment options and start investing. You will also be able to monitor statistics, analyze cryptocurrency data, and see the accumulated profit in this personal cabinet.": "It will be easy for beginners to understand the this service because this platform is created specifically for investors. It will allow you to choose suitable investment options and start investing. You will also be able to monitor statistics, analyze cryptocurrency data, and see the accumulated profit in this personal cabinet.",
        "Get Started": "Get Started",
        "What is Investing?": "What is Investing?",
        "First of all, it is an opportunity to invest money in this cryptocurrencies that suit you and get profit from their activity at the end of the contract. Such transparent conditions allow you to expand your capital and earn even in a crisis. Choose a project on this platform and start investing money, taking risks, and getting a large percentage of profit for it.": "First of all, it is an opportunity to invest money in this cryptocurrencies that suit you and get profit from their activity at the end of the contract. Such transparent conditions allow you to expand your capital and earn even in a crisis. Choose a project on this platform and start investing money, taking risks, and getting a large percentage of profit for it.",
        "Investment Chart": "Investment Chart",
        "Important Features of this Platform": "Important Features of this Platform",
        "The developed this service allows even beginners without much experience to start working with complex investments in cryptocurrencies. Thanks to this, your profit percentage will significantly differ from classic investment strategies. It is enough to choose a plan that suits you and start working.": "The developed this service allows even beginners without much experience to start working with complex investments in cryptocurrencies. Thanks to this, your profit percentage will significantly differ from classic investment strategies. It is enough to choose a plan that suits you and start working.",
        "That's why we tell you more about all the features of this platform, which will help you earn more.": "That's why we tell you more about all the features of this platform, which will help you earn more.",
        "Platform Features": "Platform Features",
        "Key Features of this Platform:": "Key Features of this Platform:",
        "Exclusivity": "Exclusivity",
        "Thanks to the long history of the service, everyone can find the perfect cryptocurrency project on this platform for their budget and requirements. You can find unique offers in the catalog that will suit you according to several criteria. Thanks to the sorting tools, choose the best options. This will help you earn more on this with similar investments than with a simple investment.": "Thanks to the long history of the service, everyone can find the perfect cryptocurrency project on this platform for their budget and requirements. You can find unique offers in the catalog that will suit you according to several criteria. Thanks to the sorting tools, choose the best options. This will help you earn more on this with similar investments than with a simple investment.",
        "Profitable Strategies": "Profitable Strategies",
        "A specially developed strategy helps this users to make the right decisions and work with different investment options. Thanks to this, the system will independently analyze a lot of criteria and choose the most suitable cryptocurrencies for you. This will help you earn more on your activity and earn additional income.": "A specially developed strategy helps this users to make the right decisions and work with different investment options. Thanks to this, the system will independently analyze a lot of criteria and choose the most suitable cryptocurrencies for you. This will help you earn more on your activity and earn additional income.",
        "Useful Tools": "Useful Tools",
        "The site also offers many unique tools to help beginners choose a strategy that suits them. It is enough to go to the analysis section and select the cryptocurrency you are interested in. Thanks to this, you can see all the useful information about historical and current data.": "The site also offers many unique tools to help beginners choose a strategy that suits them. It is enough to go to the analysis section and select the cryptocurrency you are interested in. Thanks to this, you can see all the useful information about historical and current data.",
        "Why do I Need Investments?": "Why do I Need Investments?",
        "First of all, investment activities on this will be of interest to users who want to maximize success in a short period. It allows you to use various unique strategies and find optimal investment options. Investing allows you to maximize your capital and make your money work for you.": "First of all, investment activities on this will be of interest to users who want to maximize success in a short period. It allows you to use various unique strategies and find optimal investment options. Investing allows you to maximize your capital and make your money work for you.",
        "It is also important to realize that your money depreciates over time. Because of this, your purchasing power decreases, and the amount you can potentially buy decreases. Therefore, you need to constantly work with this platform and create new variations of useful strategies. This will eventually allow you to beat inflation and make money.": "It is also important to realize that your money depreciates over time. Because of this, your purchasing power decreases, and the amount you can potentially buy decreases. Therefore, you need to constantly work with this platform and create new variations of useful strategies. This will eventually allow you to beat inflation and make money.",
        "Investments are also important for users who don\u2019t want to run their business for the rest of their lives. With this, you will be able to choose some exciting projects and start investing with excellent efficiency.": "Investments are also important for users who don\u2019t want to run their business for the rest of their lives. With this, you will be able to choose some exciting projects and start investing with excellent efficiency.",
        "Start choosing the investment cryptocurrencies that are right for you right now on this website!": "Start choosing the investment cryptocurrencies that are right for you right now on this website!",
        "Investment Benefits": "Investment Benefits",
        "How to Maximize Your Return on Investment": "How to Maximize Your Return on Investment",
        "To do this, you will need to work a lot with analytics and be able to allocate your capital correctly.": "To do this, you will need to work a lot with analytics and be able to allocate your capital correctly.",
        "Thanks to this, you can take advantage of the best possible offers without losing time and get the maximum return on your investment. Here are some important rules that you need to keep in mind when working with this investments.": "Thanks to this, you can take advantage of the best possible offers without losing time and get the maximum return on your investment. Here are some important rules that you need to keep in mind when working with this investments.",
        "ANALYSIS": "ANALYSIS",
        "You need to keep your investment portfolio under control at all times. Therefore, the best solution is to analyze the state of your cryptocurrencies constantly. You must look at the charts and predict further rises or falls to make the right decisions. This will make it easier for you to cope with the ever-changing market.": "You need to keep your investment portfolio under control at all times. Therefore, the best solution is to analyze the state of your cryptocurrencies constantly. You must look at the charts and predict further rises or falls to make the right decisions. This will make it easier for you to cope with the ever-changing market.",
        "MAKING THE RIGHT DECISIONS": "MAKING THE RIGHT DECISIONS",
        "Great attention should be paid to your decisions to buy and sell certain cryptocurrencies on this platform. Often, beginners in the investing field may make impulsive transactions, which, on a long distance, lead only to losses. Thinking over your strategy in advance and working systematically and consistently is necessary. Thanks to this, you will make significantly fewer mistakes.": "Great attention should be paid to your decisions to buy and sell certain cryptocurrencies on this platform. Often, beginners in the investing field may make impulsive transactions, which, on a long distance, lead only to losses. Thinking over your strategy in advance and working systematically and consistently is necessary. Thanks to this, you will make significantly fewer mistakes.",
        "DIVERSIFICATION OF INVESTMENT RISKS": "DIVERSIFICATION OF INVESTMENT RISKS",
        "It is best to reduce some of the returns of your investment portfolio to increase capital protection in case of market fluctuations or crises. Thanks to diversification, your portfolio will partially consist of conservative cryptocurrencies that do not generate large profits but, at the same time, cannot depreciate too much. This approach is practiced even by the largest investment funds.": "It is best to reduce some of the returns of your investment portfolio to increase capital protection in case of market fluctuations or crises. Thanks to diversification, your portfolio will partially consist of conservative cryptocurrencies that do not generate large profits but, at the same time, cannot depreciate too much. This approach is practiced even by the largest investment funds.",
        "USING THIS PLATFORM": "USING THIS PLATFORM",
        "Use this platform because it is the best solution for every investor. Thanks to it, you will be able to access all the tools mentioned above and, at the same time, increase your chances of successfully realizing capital. You will have a whole catalog of investment offers that will increase profit percentages. This is the best solution for investors.": "Use this platform because it is the best solution for every investor. Thanks to it, you will be able to access all the tools mentioned above and, at the same time, increase your chances of successfully realizing capital. You will have a whole catalog of investment offers that will increase profit percentages. This is the best solution for investors.",
        "How to Make a Guaranteed Profit on Investing?": "How to Make a Guaranteed Profit on Investing?",
        "To do this, you need to minimize your risks as much as possible by using the useful tools of this platform. First of all, there are unique strategies used on the site. Experts independently select the most suitable cryptocurrencies that can bring big profits.": "To do this, you need to minimize your risks as much as possible by using the useful tools of this platform. First of all, there are unique strategies used on the site. Experts independently select the most suitable cryptocurrencies that can bring big profits.",
        "Thanks to this distribution of work, investors only have to choose a plan that suits them and start investing in this. As a result, you will be able to come to success and get the maximum amount of money for each invested dollar.": "Thanks to this distribution of work, investors only have to choose a plan that suits them and start investing in this. As a result, you will be able to come to success and get the maximum amount of money for each invested dollar.",
        "Try to learn the basic aspects of investing as soon as possible to achieve maximum success on this platform.": "Try to learn the basic aspects of investing as soon as possible to achieve maximum success on this platform.",
        "Here are the Important Aspects of Investing:": "Here are the Important Aspects of Investing:",
        "Analytics Icon": "Analytics Icon",
        "Analytics": "Analytics",
        "It is important to properly analyze all the characteristics of cryptocurrencies on this to choose only the most suitable coins for you and invest in them.": "It is important to properly analyze all the characteristics of cryptocurrencies on this to choose only the most suitable coins for you and invest in them.",
        "Diversification Icon": "Diversification Icon",
        "Diversification": "Diversification",
        "It is necessary to use cryptocurrencies safely and allocate capital between coins.": "It is necessary to use cryptocurrencies safely and allocate capital between coins.",
        "Profitability Icon": "Profitability Icon",
        "Profitability Assessment": "Profitability Assessment",
        "The investor's task is always to balance the possible profits and potential risks of investing.": "The investor's task is always to balance the possible profits and potential risks of investing.",
        "What Will I Get from Working with this Platform?": "What Will I Get from Working with this Platform?",
        "With this platform, you will get useful tools and expert support. You can also take advantage of convenient and already formed investment plans. Thanks to this, the cryptocurrencies selected on this platform will always be the most reliable and exciting from an investment point of view.": "With this platform, you will get useful tools and expert support. You can also take advantage of convenient and already formed investment plans. Thanks to this, the cryptocurrencies selected on this platform will always be the most reliable and exciting from an investment point of view.",
        "Here are the Main Advantages of Working with this Platform": "Here are the Main Advantages of Working with this Platform",
        "A large number of cryptocurrencies to choose from.": "A large number of cryptocurrencies to choose from.",
        "Already ready-made investment plans that experts have diversified.": "Already ready-made investment plans that experts have diversified.",
        "Exclusive terms of cooperation with various emerging companies that will allow you to earn more profits.": "Exclusive terms of cooperation with various emerging companies that will allow you to earn more profits.",
        "Opportunity to get help from financial experts on any questions.": "Opportunity to get help from financial experts on any questions.",
        "Convenient personal cabinet and analytics tools.": "Convenient personal cabinet and analytics tools.",
        "What is the Main Feature?": "What is the Main Feature?",
        "This platform has many useful tools for analysis, which are perfectly combined with an extended catalog of available cryptocurrencies. Thanks to this, everyone can easily choose an investment plan that suits their needs and analyze it qualitatively.": "This platform has many useful tools for analysis, which are perfectly combined with an extended catalog of available cryptocurrencies. Thanks to this, everyone can easily choose an investment plan that suits their needs and analyze it qualitatively.",
        "This will also help you maximize the excellent opportunities available, even for investors without much capital or experience.": "This will also help you maximize the excellent opportunities available, even for investors without much capital or experience.",
        "A unique feature of this is its simple site architecture and easy-to-understand money management. Thanks to this, you will find it very convenient to cooperate with the service, and you will be able to expand your opportunities as an investor quickly. It is enough to learn how to use all the useful tools of this platform and earn large sums on it.": "A unique feature of this is its simple site architecture and easy-to-understand money management. Thanks to this, you will find it very convenient to cooperate with the service, and you will be able to expand your opportunities as an investor quickly. It is enough to learn how to use all the useful tools of this platform and earn large sums on it.",
        "You can quickly achieve the desired result and maximize efficiency from each invested dollar. That's why you should register for this service as soon as possible.": "You can quickly achieve the desired result and maximize efficiency from each invested dollar. That's why you should register for this service as soon as possible.",
        "Completion": "Completion",
        "This platform offers every user to become an investor and invest in the most promising cryptocurrencies. The developed artificial intelligence system selects suitable companies based on various factors. Thanks to this, you can not worry about your capital and gradually reach new heights by investing.": "This platform offers every user to become an investor and invest in the most promising cryptocurrencies. The developed artificial intelligence system selects suitable companies based on various factors. Thanks to this, you can not worry about your capital and gradually reach new heights by investing.",
        "This extremely profitable investment will allow you to succeed and ensure financial stability. Therefore, we recommend you to register on this platform right now and start your activity. Do not miss the opportunity to give up your routine and engage in a profitable business.": "This extremely profitable investment will allow you to succeed and ensure financial stability. Therefore, we recommend you to register on this platform right now and start your activity. Do not miss the opportunity to give up your routine and engage in a profitable business.",
        "FAQ": "FAQ",
        "Is This Platform Really Free?": "Is This Platform Really Free?",
        "This platform is available to everyone at no extra charge. Thanks to this, you can use all the useful features and try different tool options. You will find a friendly interface and the opportunity to increase your profits several times.": "This platform is available to everyone at no extra charge. Thanks to this, you can use all the useful features and try different tool options. You will find a friendly interface and the opportunity to increase your profits several times.",
        "Can I Make Money On This Platform?": "Can I Make Money On This Platform?",
        "Anyone can start investing on this in the most profitable cryptocurrencies, choosing only profitable ones. Thanks to this, you will be able to achieve success extremely quickly. The main thing is to use your capital correctly and gradually achieve new results.": "Anyone can start investing on this in the most profitable cryptocurrencies, choosing only profitable ones. Thanks to this, you will be able to achieve success extremely quickly. The main thing is to use your capital correctly and gradually achieve new results.",
        "How Difficult Is It To Work?": "How Difficult Is It To Work?",
        "Investing with this platform is much easier than when you do it alone. Thanks to the availability of many simple tools that will help you make the right decisions and intelligently use the situation. That\u2019s why we recommend that you try out this as soon as possible.": "Investing with this platform is much easier than when you do it alone. Thanks to the availability of many simple tools that will help you make the right decisions and intelligently use the situation. That\u2019s why we recommend that you try out this as soon as possible.",
        "What Are The Most Profitable Cryptocurrencies On This Platform?": "What Are The Most Profitable Cryptocurrencies On This Platform?",
        "To find out, use the unique system of data study on this platform. Thanks to this, you will be able to see analytical information on each direction and choose the best option for investment.": "To find out, use the unique system of data study on this platform. Thanks to this, you will be able to see analytical information on each direction and choose the best option for investment.",
        "Highlights": "Highlights",
        "Categorization Icon": "Categorization Icon",
        "Categorization of platforms": "Categorization of platforms",
        "Platform Type Icon": "Platform Type Icon",
        "Platform Type": "Platform Type",
        "Platform Cost Icon": "Platform Cost Icon",
        "Platform Cost": "Platform Cost",
        "Fee Policy Icon": "Fee Policy Icon",
        "Fee Policy": "Fee Policy",
        "Deposit Options Icon": "Deposit Options Icon",
        "Deposit options": "Deposit options",
        "Countries Icon": "Countries Icon",
        "Countries": "Countries",
        "Online investment platform": "Online investment platform",
        "Investing in cryptocurrency": "Investing in cryptocurrency",
        "It's free": "It's free",
        "No charge": "No charge",
        "Credit cards, payment systems, cryptocurrency, debit cards": "Credit cards, payment systems, cryptocurrency, debit cards",
        "Available in Selected Countries": "Available in Selected Countries",
        "Top Reviews": "Top Reviews",
        "Home": "Home",
        "About": "About",
        "Contact": "Contact",
        "Login": "Login",
        "Important Risk Note:": "Important Risk Note:",
        "As with any form of investing, there\u2019s an inherent level of risk that comes with trading in the cryptocurrency market. There are no guarantees when it comes to wins and losses, but it should be expected that your portfolio could go one way or the other at any time.": "As with any form of investing, there\u2019s an inherent level of risk that comes with trading in the cryptocurrency market. There are no guarantees when it comes to wins and losses, but it should be expected that your portfolio could go one way or the other at any time.",
        "The cryptocurrency industry is known to be extremely volatile, so it\u2019s important that you proceed with caution as you start placing trades. About 70% of all investors experience one or more losses in their trading career.": "The cryptocurrency industry is known to be extremely volatile, so it\u2019s important that you proceed with caution as you start placing trades. About 70% of all investors experience one or more losses in their trading career.",
        "Before moving forward, make sure to review our Terms and Conditions documentation, as well as our privacy policy. The dissemination of marketing materials pertaining to CFDs is prohibited by the FCA, and this is primarily geared toward UK residents.": "Before moving forward, make sure to review our Terms and Conditions documentation, as well as our privacy policy. The dissemination of marketing materials pertaining to CFDs is prohibited by the FCA, and this is primarily geared toward UK residents.",
        "By signing up, you\u2019re also consenting to sharing personal information with necessary third parties. This aligns with our Terms and Conditions and Privacy Policy.": "By signing up, you\u2019re also consenting to sharing personal information with necessary third parties. This aligns with our Terms and Conditions and Privacy Policy.",
        "\u00a9 2025 All Rights Reserved": "\u00a9 2025 All Rights Reserved",
        "Terms": "Terms",
        "Privacy Policy": "Privacy Policy"
    },
    "de": {
        "This platform is your reliable partner in profitable cryptocurrency investments! Start investing right now to build your passive income and gain financial independence. Don\u2019t miss your chance to change your life forever and make your money work!": "Diese Plattform ist Ihr zuverl\u00e4ssiger Partner f\u00fcr profitable Kryptow\u00e4hrungsinvestitionen! Beginnen Sie jetzt mit der Investition, um Ihr passives Einkommen aufzubauen und finanzielle Unabh\u00e4ngigkeit zu gewinnen. Verpassen Sie nicht Ihre Chance, Ihr Leben f\u00fcr immer zu ver\u00e4ndern und Ihr Geld funktionieren zu lassen!",
        "First Name": "Vorname",
        "Last Name": "Nachname",
        "Phone number": "Telefonnummer",
        "Select Country": "W\u00e4hlen Sie Land aus",
        "Your Phone Number": "Ihre Telefonnummer",
        "Email": "E-Mail",
        "REGISTER NOW": "Registrieren Sie sich jetzt",
        "How does this Platform Work?": "Wie funktioniert diese Plattform?",
        "First of all, this platform offers its users a unique opportunity to invest in cryptocurrency and receive exclusive offers profitably. This will give you the most positive results and allow you to get a large capital.": "Zun\u00e4chst bietet diese Plattform ihren Benutzern eine einzigartige Gelegenheit, in Kryptow\u00e4hrung zu investieren und exklusive Angebote profitabel zu erhalten. Dies gibt Ihnen die positivsten Ergebnisse und erm\u00f6glicht es Ihnen, ein gro\u00dfes Kapital zu erhalten.",
        "The key feature of this platform presence of a unique investment strategy that is used on this platform. Thanks to it, you can watch the analysis of many emerging companies in real-time. It remains only to choose a suitable option and invest large sums of money for profit.": "Das Hauptmerkmal dieser Plattformpr\u00e4senz einer einzigartigen Anlagestrategie, die auf dieser Plattform verwendet wird. Dank dessen k\u00f6nnen Sie die Analyse vieler aufstrebender Unternehmen in Echtzeit analysieren. Es bleibt nur eine geeignete Option auszuw\u00e4hlen und gro\u00dfe Geldsummen f\u00fcr Gewinn zu investieren.",
        "Among the key features of this platform is the presence of unique tools for analyzing and diversifying capital. Thanks to this, even a beginner without much experience can make the right decisions that will be justified in terms of investment.": "Zu den wichtigsten Merkmalen dieser Plattform geh\u00f6rt das Vorhandensein einzigartiger Tools zur Analyse und Diversifizierung von Kapital. Dank dessen kann selbst ein Anf\u00e4nger ohne viel Erfahrung die richtigen Entscheidungen treffen, die in Bezug auf Investitionen gerechtfertigt sind.",
        "That is why we can recommend you register on this platform right now to start your journey as an investor. This is your opportunity to forget financial limitations and start building your passive, stable investment earnings.": "Aus diesem Grund k\u00f6nnen wir Ihnen jetzt empfehlen, sich auf dieser Plattform zu registrieren, um Ihre Reise als Investor zu beginnen. Dies ist Ihre Gelegenheit, finanzielle Einschr\u00e4nkungen zu vergessen und Ihr passives, stabiles Investitionsergebnis aufzubauen.",
        "Register Now": "Registrieren Sie sich jetzt",
        "This Platform that Will Change the Life of Every Investor": "Diese Plattform, die das Leben eines jeden Investors ver\u00e4ndert",
        "With this wide range of available features, you can start taking advantage of this platform's unique tools and available charts. This will allow you to maximize the efficiency of your investments and choose only those companies that deserve your attention.": "Mit dieser breiten Palette an verf\u00fcgbaren Funktionen k\u00f6nnen Sie die einzigartigen Tools und verf\u00fcgbaren Diagramme dieser Plattform nutzen. Auf diese Weise k\u00f6nnen Sie die Effizienz Ihrer Investitionen maximieren und nur diejenigen Unternehmen ausw\u00e4hlen, die Ihre Aufmerksamkeit verdienen.",
        "Proceed to registration and find the best investment options for you in this extensive catalog of unique startups.": "Fahren Sie mit der Registrierung fort und finden Sie in diesem umfangreichen Katalog einzigartiger Startups die besten Investitionsoptionen f\u00fcr Sie.",
        "Sign Up Now to Earn Money": "Melden Sie sich jetzt an, um Geld zu verdienen",
        "Create an Account Quickly": "Erstellen Sie schnell ein Konto",
        "Step 1:": "Schritt 1:",
        "First, go to the official platform website and open the registration form on the button below.": "Gehen Sie zun\u00e4chst zur offiziellen Plattformwebsite und \u00f6ffnen Sie das Registrierungsformular auf dem folgenden Button.",
        "Step 2:": "Schritt 2:",
        "Start filling out the form with your real data. Enter your personal information, email, phone number, and other important details.": "F\u00fcllen Sie das Formular mit Ihren realen Daten aus. Geben Sie Ihre pers\u00f6nlichen Daten, E -Mails, Telefonnummer und andere wichtige Details ein.",
        "Step 3:": "Schritt 3:",
        "After completing the registration, confirm your identity and start investing.": "Best\u00e4tigen Sie nach Abschluss der Registrierung Ihre Identit\u00e4t und beginnen Sie mit der Investition.",
        "Start Investing Profitably": "Investieren Sie profitabel",
        "Step 4:": "Schritt 4:",
        "Go to the general catalog of investment plans and choose the cryptocurrency that suits you.": "Gehen Sie zum allgemeinen Katalog von Investitionspl\u00e4nen und w\u00e4hlen Sie die Kryptow\u00e4hrung, die zu Ihnen passt.",
        "Step 5:": "Schritt 5:",
        "Carefully read the terms and features of each plan to choose the right option that meets your requirements and budget.": "Lesen Sie die Begriffe und Funktionen jedes Plans sorgf\u00e4ltig durch, um die richtige Option auszuw\u00e4hlen, die Ihren Anforderungen und Ihrem Budget entspricht.",
        "Step 6:": "Schritt 6:",
        "Sign the contract and start investing. In your account, you will be able to track the status of your investments in real time.": "Unterschreiben Sie den Vertrag und beginnen Sie zu investieren. In Ihrem Konto k\u00f6nnen Sie den Status Ihrer Investitionen in Echtzeit verfolgen.",
        "What You Need to Know About this Platform": "Was Sie \u00fcber diese Plattform wissen m\u00fcssen",
        "A PLATFORM WITH EXCLUSIVE OFFERS": "Eine Plattform mit exklusiven Angeboten",
        "First, the site has many unique offers, allowing you to earn as much as possible with minimal investment. The most profitable and unique strategies. This will allow you to maximize your funds.": "Erstens hat die Website viele einzigartige Angebote, sodass Sie mit minimalen Investitionen so viel wie m\u00f6glich verdienen k\u00f6nnen. Die profitabelsten und einzigartigsten Strategien. Auf diese Weise k\u00f6nnen Sie Ihre Mittel maximieren.",
        "Benefit Icon": "Nutzen Ikone",
        "MAXIMUM BENEFIT FROM EACH INVESTED DOLLAR": "Maximaler Nutzen von jedem investierten Dollar",
        "A great advantage of this is the ability to choose short-term and long-term options for investment plans. Thanks to this, you can decide on the most suitable option for you and start investing at a high rate of speed. It will also allow you to maximize the efficiency of different investment strategies.": "Ein gro\u00dfer Vorteil davon ist die F\u00e4higkeit, kurzfristige und langfristige Optionen f\u00fcr Investitionspl\u00e4ne zu w\u00e4hlen. Dank dessen k\u00f6nnen Sie sich f\u00fcr die am besten geeignete Option f\u00fcr Sie entscheiden und mit hoher Geschwindigkeitsrate beginnen. Sie k\u00f6nnen auch die Effizienz verschiedener Anlagestrategien maximieren.",
        "Personal Cabinet Icon": "Personal Cabinet Icon",
        "SIMPLE AND CLEAR PERSONAL CABINET": "Einfacher und klarer pers\u00f6nlicher Kabinett",
        "It will be easy for beginners to understand the this service because this platform is created specifically for investors. It will allow you to choose suitable investment options and start investing. You will also be able to monitor statistics, analyze cryptocurrency data, and see the accumulated profit in this personal cabinet.": "F\u00fcr Anf\u00e4nger wird es einfach sein, diesen Dienst zu verstehen, da diese Plattform speziell f\u00fcr Investoren erstellt wird. Auf diese Weise k\u00f6nnen Sie geeignete Anlagem\u00f6glichkeiten ausw\u00e4hlen und mit dem Investieren beginnen. Sie k\u00f6nnen auch Statistiken \u00fcberwachen, Kryptow\u00e4hrungsdaten analysieren und den akkumulierten Gewinn in diesem pers\u00f6nlichen Kabinett sehen.",
        "Get Started": "Fangen an",
        "What is Investing?": "Was ist investiert?",
        "First of all, it is an opportunity to invest money in this cryptocurrencies that suit you and get profit from their activity at the end of the contract. Such transparent conditions allow you to expand your capital and earn even in a crisis. Choose a project on this platform and start investing money, taking risks, and getting a large percentage of profit for it.": "Erstens ist es eine Gelegenheit, Geld in diese Kryptow\u00e4hrungen zu investieren, die zu Ihnen passen und am Ende des Vertrags von ihrer Aktivit\u00e4t profitieren. Solche transparenten Bedingungen erm\u00f6glichen es Ihnen, Ihr Kapital zu erweitern und sogar in einer Krise zu verdienen. W\u00e4hlen Sie ein Projekt auf dieser Plattform und investieren Sie Geld, gehen Sie Risiken ein und erhalten Sie einen gro\u00dfen Prozentsatz des Gewinns daf\u00fcr.",
        "Investment Chart": "Investitionsdiagramm",
        "Important Features of this Platform": "Wichtige Merkmale dieser Plattform",
        "The developed this service allows even beginners without much experience to start working with complex investments in cryptocurrencies. Thanks to this, your profit percentage will significantly differ from classic investment strategies. It is enough to choose a plan that suits you and start working.": "Der entwickelte dieser Service erm\u00f6glicht es auch Anf\u00e4ngern ohne viel Erfahrung, mit komplexen Investitionen in Kryptow\u00e4hrungen zu arbeiten. Dank dessen wird Ihr Gewinnprozentsatz erheblich von klassischen Anlagestrategien abweichen. Es reicht aus, einen Plan auszuw\u00e4hlen, der zu Ihnen passt und anf\u00e4ngt zu arbeiten.",
        "That's why we tell you more about all the features of this platform, which will help you earn more.": "Deshalb erz\u00e4hlen wir Ihnen mehr \u00fcber alle Funktionen dieser Plattform, die Ihnen helfen, mehr zu verdienen.",
        "Platform Features": "Plattformfunktionen",
        "Key Features of this Platform:": "Schl\u00fcsselmerkmale dieser Plattform:",
        "Exclusivity": "Exklusivit\u00e4t",
        "Thanks to the long history of the service, everyone can find the perfect cryptocurrency project on this platform for their budget and requirements. You can find unique offers in the catalog that will suit you according to several criteria. Thanks to the sorting tools, choose the best options. This will help you earn more on this with similar investments than with a simple investment.": "Dank der langen Geschichte des Dienstes kann jeder das perfekte Kryptow\u00e4hrungsprojekt auf dieser Plattform f\u00fcr sein Budget und seine Anforderungen finden. Sie k\u00f6nnen einzigartige Angebote im Katalog finden, die Ihnen nach mehreren Kriterien entsprechen. Dank der Sortierwerkzeuge w\u00e4hlen Sie die besten Optionen. Dies hilft Ihnen dabei, mit \u00e4hnlichen Investitionen mehr dazu zu verdienen als mit einer einfachen Investition.",
        "Profitable Strategies": "Profitable Strategien",
        "A specially developed strategy helps this users to make the right decisions and work with different investment options. Thanks to this, the system will independently analyze a lot of criteria and choose the most suitable cryptocurrencies for you. This will help you earn more on your activity and earn additional income.": "Eine speziell entwickelte Strategie hilft diesen Benutzern, die richtigen Entscheidungen zu treffen und mit unterschiedlichen Anlagem\u00f6glichkeiten zu arbeiten. Dank dessen wird das System unabh\u00e4ngig voneinander viele Kriterien analysieren und die am besten geeigneten Kryptow\u00e4hrungen f\u00fcr Sie ausw\u00e4hlen. Dies hilft Ihnen dabei, mehr \u00fcber Ihre Aktivit\u00e4ten zu verdienen und zus\u00e4tzliches Einkommen zu erzielen.",
        "Useful Tools": "N\u00fctzliche Werkzeuge",
        "The site also offers many unique tools to help beginners choose a strategy that suits them. It is enough to go to the analysis section and select the cryptocurrency you are interested in. Thanks to this, you can see all the useful information about historical and current data.": "Die Website bietet auch viele einzigartige Tools, mit denen Anf\u00e4nger eine Strategie ausw\u00e4hlen k\u00f6nnen, die zu ihnen passt. Es reicht aus, in den Abschnitt Analyse zu gehen und die Kryptow\u00e4hrung auszuw\u00e4hlen, an der Sie interessiert sind. Dank diesem k\u00f6nnen Sie alle n\u00fctzlichen Informationen zu historischen und aktuellen Daten sehen.",
        "Why do I Need Investments?": "Warum brauche ich Investitionen?",
        "First of all, investment activities on this will be of interest to users who want to maximize success in a short period. It allows you to use various unique strategies and find optimal investment options. Investing allows you to maximize your capital and make your money work for you.": "Zun\u00e4chst werden Investitionst\u00e4tigkeiten dazu f\u00fcr Benutzer von Interesse sein, die den Erfolg in kurzer Zeit maximieren m\u00f6chten. Sie k\u00f6nnen verschiedene einzigartige Strategien anwenden und optimale Investitionsoptionen finden. Mit Investitionen k\u00f6nnen Sie Ihr Kapital maximieren und Ihr Geld f\u00fcr Sie funktionieren.",
        "It is also important to realize that your money depreciates over time. Because of this, your purchasing power decreases, and the amount you can potentially buy decreases. Therefore, you need to constantly work with this platform and create new variations of useful strategies. This will eventually allow you to beat inflation and make money.": "Es ist auch wichtig zu erkennen, dass Ihr Geld im Laufe der Zeit abgeschrieben wird. Aus diesem Grund nimmt Ihre Einkaufsleistung ab und die Menge, die Sie m\u00f6glicherweise kaufen k\u00f6nnen, nimmt ab. Daher m\u00fcssen Sie st\u00e4ndig mit dieser Plattform arbeiten und neue Variationen n\u00fctzlicher Strategien erstellen. Dies erm\u00f6glicht es Ihnen schlie\u00dflich, die Inflation zu schlagen und Geld zu verdienen.",
        "Investments are also important for users who don\u2019t want to run their business for the rest of their lives. With this, you will be able to choose some exciting projects and start investing with excellent efficiency.": "Investitionen sind auch f\u00fcr Benutzer wichtig, die ihr Gesch\u00e4ft f\u00fcr den Rest ihres Lebens nicht f\u00fchren m\u00f6chten. Damit k\u00f6nnen Sie einige aufregende Projekte ausw\u00e4hlen und mit hervorragender Effizienz investieren.",
        "Start choosing the investment cryptocurrencies that are right for you right now on this website!": "W\u00e4hlen Sie die Investitionskryptow\u00e4hrungen aus, die Sie gerade auf dieser Website f\u00fcr Sie geeignet sind!",
        "Investment Benefits": "Investitionsvorteile",
        "How to Maximize Your Return on Investment": "So maximieren Sie Ihren Return on Investment",
        "To do this, you will need to work a lot with analytics and be able to allocate your capital correctly.": "Dazu m\u00fcssen Sie viel mit der Analytik zusammenarbeiten und Ihr Kapital richtig zuordnen.",
        "Thanks to this, you can take advantage of the best possible offers without losing time and get the maximum return on your investment. Here are some important rules that you need to keep in mind when working with this investments.": "Dank dessen k\u00f6nnen Sie die bestm\u00f6glichen Angebote nutzen, ohne Zeit zu verlieren und die maximale Rendite f\u00fcr Ihre Investition zu erzielen. Hier sind einige wichtige Regeln, die Sie bei der Arbeit mit diesen Investitionen ber\u00fccksichtigen m\u00fcssen.",
        "ANALYSIS": "ANALYSE",
        "You need to keep your investment portfolio under control at all times. Therefore, the best solution is to analyze the state of your cryptocurrencies constantly. You must look at the charts and predict further rises or falls to make the right decisions. This will make it easier for you to cope with the ever-changing market.": "Sie m\u00fcssen Ihr Anlageportfolio jederzeit unter Kontrolle halten. Die beste L\u00f6sung besteht daher darin, den Zustand Ihrer Kryptow\u00e4hrungen st\u00e4ndig zu analysieren. Sie m\u00fcssen sich die Diagramme ansehen und weitere Erh\u00f6hungen oder St\u00fcrze vorhersagen, um die richtigen Entscheidungen zu treffen. Dies erleichtert es Ihnen, mit dem sich st\u00e4ndig \u00e4ndernden Markt umzugehen.",
        "MAKING THE RIGHT DECISIONS": "Die richtigen Entscheidungen treffen",
        "Great attention should be paid to your decisions to buy and sell certain cryptocurrencies on this platform. Often, beginners in the investing field may make impulsive transactions, which, on a long distance, lead only to losses. Thinking over your strategy in advance and working systematically and consistently is necessary. Thanks to this, you will make significantly fewer mistakes.": "Ihre Entscheidungen, bestimmte Kryptow\u00e4hrungen auf dieser Plattform zu kaufen und zu verkaufen, sollte viel Aufmerksamkeit geschenkt werden. Oft k\u00f6nnen Anf\u00e4nger im Anlagebereich impulsive Transaktionen durchf\u00fchren, die in gro\u00dfer Entfernung nur zu Verlusten f\u00fchren. Es ist erforderlich, Ihre Strategie im Voraus zu \u00fcberlegen und systematisch und konsequent zu arbeiten. Dank dessen werden Sie deutlich weniger Fehler machen.",
        "DIVERSIFICATION OF INVESTMENT RISKS": "Diversifizierung von Investitionsrisiken",
        "It is best to reduce some of the returns of your investment portfolio to increase capital protection in case of market fluctuations or crises. Thanks to diversification, your portfolio will partially consist of conservative cryptocurrencies that do not generate large profits but, at the same time, cannot depreciate too much. This approach is practiced even by the largest investment funds.": "Es ist am besten, einige der Renditen Ihres Anlageportfolios zu reduzieren, um den Kapitalschutz bei Marktschwankungen oder Krisen zu erh\u00f6hen. Dank der Diversifizierung besteht Ihr Portfolio teilweise aus konservativen Kryptow\u00e4hrungen, die keine gro\u00dfen Gewinne erzielen, aber gleichzeitig nicht zu viel abwerten. Dieser Ansatz wird auch von den gr\u00f6\u00dften Investmentfonds praktiziert.",
        "USING THIS PLATFORM": "Verwenden dieser Plattform",
        "Use this platform because it is the best solution for every investor. Thanks to it, you will be able to access all the tools mentioned above and, at the same time, increase your chances of successfully realizing capital. You will have a whole catalog of investment offers that will increase profit percentages. This is the best solution for investors.": "Verwenden Sie diese Plattform, da sie f\u00fcr jeden Investor die beste L\u00f6sung ist. Dank dessen k\u00f6nnen Sie auf alle oben genannten Tools zugreifen und gleichzeitig Ihre Chancen erh\u00f6hen, Kapital erfolgreich zu verwirklichen. Sie haben einen ganzen Katalog von Investitionsangeboten, die den Gewinnprozentsatz erh\u00f6hen. Dies ist die beste L\u00f6sung f\u00fcr Investoren.",
        "How to Make a Guaranteed Profit on Investing?": "Wie kann man einen garantierten Gewinn f\u00fcr Investitionen erzielen?",
        "To do this, you need to minimize your risks as much as possible by using the useful tools of this platform. First of all, there are unique strategies used on the site. Experts independently select the most suitable cryptocurrencies that can bring big profits.": "Dazu m\u00fcssen Sie Ihre Risiken so weit wie m\u00f6glich minimieren, indem Sie die n\u00fctzlichen Tools dieser Plattform verwenden. Erstens gibt es einzigartige Strategien auf der Website. Experten w\u00e4hlen unabh\u00e4ngig die am besten geeigneten Kryptow\u00e4hrungen aus, die gro\u00dfe Gewinne erzielen k\u00f6nnen.",
        "Thanks to this distribution of work, investors only have to choose a plan that suits them and start investing in this. As a result, you will be able to come to success and get the maximum amount of money for each invested dollar.": "Dank dieser Verteilung der Arbeit m\u00fcssen Anleger nur einen Plan ausw\u00e4hlen, der zu ihnen passt, und in dies investieren. Infolgedessen k\u00f6nnen Sie zum Erfolg kommen und den maximalen Geldbetrag f\u00fcr jeden investierten Dollar erhalten.",
        "Try to learn the basic aspects of investing as soon as possible to achieve maximum success on this platform.": "Versuchen Sie, die grundlegenden Aspekte des Investierens so bald wie m\u00f6glich zu lernen, um auf dieser Plattform einen maximalen Erfolg zu erzielen.",
        "Here are the Important Aspects of Investing:": "Hier sind die wichtigen Aspekte des Investierens:",
        "Analytics Icon": "Analytics -Ikone",
        "Analytics": "Analyse",
        "It is important to properly analyze all the characteristics of cryptocurrencies on this to choose only the most suitable coins for you and invest in them.": "Es ist wichtig, alle Eigenschaften von Kryptow\u00e4hrungen richtig zu analysieren, um nur die am besten geeigneten M\u00fcnzen f\u00fcr Sie auszuw\u00e4hlen und in sie zu investieren.",
        "Diversification Icon": "Diversifizierungssymbol",
        "Diversification": "Diversifizierung",
        "It is necessary to use cryptocurrencies safely and allocate capital between coins.": "Es ist notwendig, Kryptow\u00e4hrungen sicher zu verwenden und Kapital zwischen M\u00fcnzen zuzuweisen.",
        "Profitability Icon": "Rentabilit\u00e4tssymbol",
        "Profitability Assessment": "Rentabilit\u00e4tsbewertung",
        "The investor's task is always to balance the possible profits and potential risks of investing.": "Die Aufgabe des Anlegers besteht immer darin, die m\u00f6glichen Gewinne und potenziellen Investitionsrisiken auszugleichen.",
        "What Will I Get from Working with this Platform?": "Was bekomme ich von der Arbeit mit dieser Plattform?",
        "With this platform, you will get useful tools and expert support. You can also take advantage of convenient and already formed investment plans. Thanks to this, the cryptocurrencies selected on this platform will always be the most reliable and exciting from an investment point of view.": "Mit dieser Plattform erhalten Sie n\u00fctzliche Tools und Expertenunterst\u00fctzung. Sie k\u00f6nnen auch bequeme und bereits gebildete Investitionspl\u00e4ne nutzen. Dank dessen werden die auf dieser Plattform ausgew\u00e4hlten Kryptow\u00e4hrungen aus Investitionssicht immer am zuverl\u00e4ssig und aufregendsten sein.",
        "Here are the Main Advantages of Working with this Platform": "Hier sind die Hauptvorteile der Arbeit mit dieser Plattform",
        "A large number of cryptocurrencies to choose from.": "Eine gro\u00dfe Anzahl von Kryptow\u00e4hrungen zur Auswahl.",
        "Already ready-made investment plans that experts have diversified.": "Bereits vorgefertigte Investitionspl\u00e4ne, die Experten diversifiziert haben.",
        "Exclusive terms of cooperation with various emerging companies that will allow you to earn more profits.": "Ausschlie\u00dfende Bedingungen der Zusammenarbeit mit verschiedenen aufstrebenden Unternehmen, mit denen Sie mehr Gewinne erzielen k\u00f6nnen.",
        "Opportunity to get help from financial experts on any questions.": "Gelegenheit, Hilfe von Finanzexperten zu Fragen zu erhalten.",
        "Convenient personal cabinet and analytics tools.": "Bequeme Instrumente f\u00fcr pers\u00f6nliche Kabinett und Analytics.",
        "What is the Main Feature?": "Was ist das Hauptmerkmal?",
        "This platform has many useful tools for analysis, which are perfectly combined with an extended catalog of available cryptocurrencies. Thanks to this, everyone can easily choose an investment plan that suits their needs and analyze it qualitatively.": "Diese Plattform verf\u00fcgt \u00fcber viele n\u00fctzliche Tools f\u00fcr die Analyse, die perfekt mit einem erweiterten Katalog verf\u00fcgbarer Kryptow\u00e4hrungen kombiniert sind. Dank dessen kann jeder problemlos einen Investitionsplan ausw\u00e4hlen, der ihren Bed\u00fcrfnissen entspricht und ihn qualitativ analysieren kann.",
        "This will also help you maximize the excellent opportunities available, even for investors without much capital or experience.": "Dies hilft Ihnen auch, die hervorragenden M\u00f6glichkeiten f\u00fcr Anleger ohne viel Kapital oder Erfahrung zu maximieren.",
        "A unique feature of this is its simple site architecture and easy-to-understand money management. Thanks to this, you will find it very convenient to cooperate with the service, and you will be able to expand your opportunities as an investor quickly. It is enough to learn how to use all the useful tools of this platform and earn large sums on it.": "Ein einzigartiges Merkmal davon ist die einfache Architektur der Website und das leicht verst\u00e4ndliche Geldmanagement. Dank dessen finden Sie es sehr bequem, mit dem Service zusammenzuarbeiten, und Sie k\u00f6nnen Ihre Chancen als Investor schnell erweitern. Es reicht aus, zu lernen, wie man alle n\u00fctzlichen Tools dieser Plattform verwendet und gro\u00dfe Summen verdient.",
        "You can quickly achieve the desired result and maximize efficiency from each invested dollar. That's why you should register for this service as soon as possible.": "Sie k\u00f6nnen das gew\u00fcnschte Ergebnis schnell erzielen und die Effizienz von jedem investierten Dollar maximieren. Deshalb sollten Sie sich f\u00fcr diesen Service so schnell wie m\u00f6glich anmelden.",
        "Completion": "Fertigstellung",
        "This platform offers every user to become an investor and invest in the most promising cryptocurrencies. The developed artificial intelligence system selects suitable companies based on various factors. Thanks to this, you can not worry about your capital and gradually reach new heights by investing.": "Diese Plattform bietet jedem Benutzer, um Investor zu werden und in die vielversprechendsten Kryptow\u00e4hrungen zu investieren. Das entwickelte k\u00fcnstliche Intelligenzsystem w\u00e4hlt geeignete Unternehmen anhand verschiedener Faktoren aus. Dank dessen k\u00f6nnen Sie sich keine Sorgen um Ihr Kapital machen und durch Investitionen nach und nach neue H\u00f6hen erreichen.",
        "This extremely profitable investment will allow you to succeed and ensure financial stability. Therefore, we recommend you to register on this platform right now and start your activity. Do not miss the opportunity to give up your routine and engage in a profitable business.": "Diese \u00e4u\u00dferst profitable Investition erm\u00f6glicht es Ihnen, erfolgreich zu sein und finanzielle Stabilit\u00e4t zu gew\u00e4hrleisten. Daher empfehlen wir Ihnen, sich jetzt auf dieser Plattform zu registrieren und Ihre Aktivit\u00e4ten zu starten. Verpassen Sie nicht die Gelegenheit, Ihre Routine aufzugeben und ein profitables Gesch\u00e4ft zu betreiben.",
        "FAQ": "FAQ",
        "Is This Platform Really Free?": "Ist diese Plattform wirklich kostenlos?",
        "This platform is available to everyone at no extra charge. Thanks to this, you can use all the useful features and try different tool options. You will find a friendly interface and the opportunity to increase your profits several times.": "Diese Plattform steht allen ohne zus\u00e4tzliche Geb\u00fchr zur Verf\u00fcgung. Dank dessen k\u00f6nnen Sie alle n\u00fctzlichen Funktionen verwenden und verschiedene Tooloptionen ausprobieren. Sie finden eine freundliche Schnittstelle und die M\u00f6glichkeit, Ihren Gewinn mehrmals zu steigern.",
        "Can I Make Money On This Platform?": "Kann ich auf dieser Plattform Geld verdienen?",
        "Anyone can start investing on this in the most profitable cryptocurrencies, choosing only profitable ones. Thanks to this, you will be able to achieve success extremely quickly. The main thing is to use your capital correctly and gradually achieve new results.": "Jeder kann in die profitabelsten Kryptow\u00e4hrungen investieren und nur profitable w\u00e4hlen. Dank dessen k\u00f6nnen Sie extrem schnell Erfolg erzielen. Die Hauptsache ist, Ihr Kapital richtig zu verwenden und nach und nach neue Ergebnisse zu erzielen.",
        "How Difficult Is It To Work?": "Wie schwierig ist es zu funktionieren?",
        "Investing with this platform is much easier than when you do it alone. Thanks to the availability of many simple tools that will help you make the right decisions and intelligently use the situation. That\u2019s why we recommend that you try out this as soon as possible.": "Das Investieren mit dieser Plattform ist viel einfacher als wenn Sie es alleine tun. Dank der Verf\u00fcgbarkeit vieler einfacher Tools, mit denen Sie die richtigen Entscheidungen treffen und die Situation intelligent nutzen k\u00f6nnen. Deshalb empfehlen wir Ihnen, dies so schnell wie m\u00f6glich auszuprobieren.",
        "What Are The Most Profitable Cryptocurrencies On This Platform?": "Was sind die profitabelsten Kryptow\u00e4hrungen auf dieser Plattform?",
        "To find out, use the unique system of data study on this platform. Thanks to this, you will be able to see analytical information on each direction and choose the best option for investment.": "Um herauszufinden, verwenden Sie das eindeutige System der Datenstudie auf dieser Plattform. Dank dieses k\u00f6nnen Sie analytische Informationen in jeder Richtung sehen und die beste Option f\u00fcr Investitionen ausw\u00e4hlen.",
        "Highlights": "Highlights",
        "Categorization Icon": "Kategorisierungssymbol",
        "Categorization of platforms": "Kategorisierung von Plattformen",
        "Platform Type Icon": "Plattform -Symbol",
        "Platform Type": "Plattformtyp",
        "Platform Cost Icon": "Plattformkosten -Symbol",
        "Platform Cost": "Plattformkosten",
        "Fee Policy Icon": "Geb\u00fchrenpolitik -Symbol",
        "Fee Policy": "Geb\u00fchrenrichtlinie",
        "Deposit Options Icon": "Einzahlungsoptionen Symbol",
        "Deposit options": "Einzahlungsoptionen",
        "Countries Icon": "L\u00e4nder Ikone",
        "Countries": "L\u00e4nder",
        "Online investment platform": "Online -Investitionsplattform",
        "Investing in cryptocurrency": "In Kryptow\u00e4hrung investieren",
        "It's free": "Es ist kostenlos",
        "No charge": "Keine Geb\u00fchr",
        "Credit cards, payment systems, cryptocurrency, debit cards": "Kreditkarten, Zahlungssysteme, Kryptow\u00e4hrung, Debitkarten",
        "Available in Selected Countries": "Erh\u00e4ltlich in ausgew\u00e4hlten L\u00e4ndern",
        "Top Reviews": "Top -Bewertungen",
        "Home": "Heim",
        "About": "Um",
        "Contact": "Kontakt",
        "Login": "Login",
        "Important Risk Note:": "Wichtiger Risiko Hinweis:",
        "As with any form of investing, there\u2019s an inherent level of risk that comes with trading in the cryptocurrency market. There are no guarantees when it comes to wins and losses, but it should be expected that your portfolio could go one way or the other at any time.": "Wie bei jeder Form des Investierens besteht ein inh\u00e4rentes Risiko, das mit dem Handel auf dem Kryptow\u00e4hrungsmarkt einhergeht. Es gibt keine Garantien f\u00fcr Siege und Verluste, aber es ist zu erwarten, dass Ihr Portfolio jederzeit auf die eine oder andere Weise gehen k\u00f6nnte.",
        "The cryptocurrency industry is known to be extremely volatile, so it\u2019s important that you proceed with caution as you start placing trades. About 70% of all investors experience one or more losses in their trading career.": "Die Kryptow\u00e4hrungsbranche ist bekannterma\u00dfen extrem volatil. Daher ist es wichtig, dass Sie mit Vorsicht vorgehen, wenn Sie mit der Platzierung von Trades beginnen. Etwa 70% aller Anleger erleben einen oder mehrere Verluste in ihrer Handelskarriere.",
        "Before moving forward, make sure to review our Terms and Conditions documentation, as well as our privacy policy. The dissemination of marketing materials pertaining to CFDs is prohibited by the FCA, and this is primarily geared toward UK residents.": "\u00dcberpr\u00fcfen Sie vor dem Fortschritt unsere Dokumentation unserer Allgemeinen Gesch\u00e4ftsbedingungen sowie unsere Datenschutzrichtlinien. Die Verbreitung von Marketingmaterialien im Zusammenhang mit CFDs ist von der FCA verboten, und dies richtet sich haupts\u00e4chlich an die Bewohner des Vereinigten K\u00f6nigreichs.",
        "By signing up, you\u2019re also consenting to sharing personal information with necessary third parties. This aligns with our Terms and Conditions and Privacy Policy.": "Durch die Anmeldung erkl\u00e4ren Sie sich auch einverstanden, pers\u00f6nliche Informationen mit den erforderlichen Dritten zu teilen. Dies entspricht unseren Allgemeinen Gesch\u00e4ftsbedingungen und Datenschutzrichtlinien.",
        "\u00a9 2025 All Rights Reserved": "\u00a9 2025 Alle Rechte vorbehalten",
        "Terms": "Bedingungen",
        "Privacy Policy": "Datenschutzrichtlinie"
    }
}